-- ============================================================
-- CO-PO ATTAINMENT SYSTEM — COMPLETE SAMPLE DATA
-- Run this AFTER schema_migration_v2.sql in Supabase SQL Editor
-- ============================================================

-- UUID Key:
-- d0000000 = department (hex valid)
-- a0000000 = program   (was p, invalid hex)
-- f0000000 = faculty   (hex valid)
-- 50000000 = students  (was s, invalid hex)
-- 5b000000 = subject   (was sub, invalid hex)
-- c0000001 = COs       (hex valid)
-- b0000001 = POs       (was po, invalid hex)

-- 0. Cleanup (defensive — uses DO blocks to handle missing columns/tables)
DO $$ BEGIN
    DELETE FROM student_co_marks WHERE subject_id = '5b000000-0000-0000-0000-000000000001';
EXCEPTION WHEN undefined_column THEN NULL; WHEN undefined_table THEN NULL; END $$;

DO $$ BEGIN
    DELETE FROM co_po_mapping WHERE subject_id = '5b000000-0000-0000-0000-000000000001';
EXCEPTION WHEN undefined_column THEN NULL; WHEN undefined_table THEN NULL; END $$;

DO $$ BEGIN
    DELETE FROM co_pso_mapping WHERE subject_id = '5b000000-0000-0000-0000-000000000001';
EXCEPTION WHEN undefined_column THEN NULL; WHEN undefined_table THEN NULL; END $$;

DO $$ BEGIN
    DELETE FROM student_subjects WHERE subject_id = '5b000000-0000-0000-0000-000000000001';
EXCEPTION WHEN undefined_column THEN NULL; WHEN undefined_table THEN NULL; END $$;

DO $$ BEGIN
    DELETE FROM faculty_subjects WHERE subject_id = '5b000000-0000-0000-0000-000000000001';
EXCEPTION WHEN undefined_column THEN NULL; WHEN undefined_table THEN NULL; END $$;

DO $$ BEGIN
    DELETE FROM course_outcomes WHERE subject_id = '5b000000-0000-0000-0000-000000000001';
EXCEPTION WHEN undefined_column THEN NULL; WHEN undefined_table THEN NULL; END $$;

DO $$ BEGIN
    DELETE FROM co_attainment_results WHERE subject_id = '5b000000-0000-0000-0000-000000000001';
EXCEPTION WHEN undefined_column THEN NULL; WHEN undefined_table THEN NULL; END $$;

DO $$ BEGIN
    DELETE FROM po_attainment_results WHERE subject_id = '5b000000-0000-0000-0000-000000000001';
EXCEPTION WHEN undefined_column THEN NULL; WHEN undefined_table THEN NULL; END $$;

DO $$ BEGIN
    DELETE FROM pso_attainment_results WHERE subject_id = '5b000000-0000-0000-0000-000000000001';
EXCEPTION WHEN undefined_column THEN NULL; WHEN undefined_table THEN NULL; END $$;

DO $$ BEGIN
    DELETE FROM subjects WHERE code = 'PH3151';
EXCEPTION WHEN undefined_column THEN NULL; WHEN undefined_table THEN NULL; END $$;

DO $$ BEGIN
    DELETE FROM users WHERE email LIKE 'student%@test.copo.in';
    DELETE FROM users WHERE email = 'kumar@test.copo.in';
EXCEPTION WHEN undefined_column THEN NULL; WHEN undefined_table THEN NULL; END $$;

-- 1. CSE department
INSERT INTO departments (id, name, code)
VALUES ('d0000000-0000-0000-0000-000000000001', 'Computer Science Engineering', 'CSE')
ON CONFLICT (code) DO UPDATE SET name = EXCLUDED.name;

-- 2. CSE program (use 'a' prefix — 'p' is not valid hex!)
INSERT INTO programs (id, name, code, department_id)
VALUES ('a0000000-0000-0000-0000-000000000001', 'B.Tech Computer Science Engineering', 'CSE', 'd0000000-0000-0000-0000-000000000001')
ON CONFLICT (code) DO UPDATE SET name = EXCLUDED.name;

-- 3. Faculty (Dr. Kumar)
INSERT INTO users (id, name, email, role, department_id, register_no)
VALUES ('f0000000-0000-0000-0000-000000000001', 'Dr. Kumar', 'kumar@test.copo.in', 'FACULTY', 'd0000000-0000-0000-0000-000000000001', 'F001')
ON CONFLICT (email) DO UPDATE SET name = EXCLUDED.name, role = EXCLUDED.role, department_id = EXCLUDED.department_id, register_no = EXCLUDED.register_no;

-- 4. 10 Students (use '5' prefix — 's' is not valid hex!)
INSERT INTO users (id, name, email, role, department_id, year, register_no) VALUES
('50000000-0000-0000-0000-000000000001', 'Student S001', 'student01@test.copo.in', 'STUDENT', 'd0000000-0000-0000-0000-000000000001', 2, 'S001'),
('50000000-0000-0000-0000-000000000002', 'Student S002', 'student02@test.copo.in', 'STUDENT', 'd0000000-0000-0000-0000-000000000001', 2, 'S002'),
('50000000-0000-0000-0000-000000000003', 'Student S003', 'student03@test.copo.in', 'STUDENT', 'd0000000-0000-0000-0000-000000000001', 2, 'S003'),
('50000000-0000-0000-0000-000000000004', 'Student S004', 'student04@test.copo.in', 'STUDENT', 'd0000000-0000-0000-0000-000000000001', 2, 'S004'),
('50000000-0000-0000-0000-000000000005', 'Student S005', 'student05@test.copo.in', 'STUDENT', 'd0000000-0000-0000-0000-000000000001', 2, 'S005'),
('50000000-0000-0000-0000-000000000006', 'Student S006', 'student06@test.copo.in', 'STUDENT', 'd0000000-0000-0000-0000-000000000001', 2, 'S006'),
('50000000-0000-0000-0000-000000000007', 'Student S007', 'student07@test.copo.in', 'STUDENT', 'd0000000-0000-0000-0000-000000000001', 2, 'S007'),
('50000000-0000-0000-0000-000000000008', 'Student S008', 'student08@test.copo.in', 'STUDENT', 'd0000000-0000-0000-0000-000000000001', 2, 'S008'),
('50000000-0000-0000-0000-000000000009', 'Student S009', 'student09@test.copo.in', 'STUDENT', 'd0000000-0000-0000-0000-000000000001', 2, 'S009'),
('50000000-0000-0000-0000-00000000000a', 'Student S010', 'student10@test.copo.in', 'STUDENT', 'd0000000-0000-0000-0000-000000000001', 2, 'S010')
ON CONFLICT (email) DO UPDATE SET name = EXCLUDED.name, role = EXCLUDED.role, department_id = EXCLUDED.department_id, year = EXCLUDED.year, register_no = EXCLUDED.register_no;

-- 5. Subject: Engineering Physics (use '5b' prefix — 'sub' is not valid hex!)
INSERT INTO subjects (id, name, code, semester, year, credits, program_id, lab_max_marks, assignment_max_marks)
VALUES ('5b000000-0000-0000-0000-000000000001', 'Engineering Physics', 'PH3151', 4, 2, 4, 'a0000000-0000-0000-0000-000000000001', 25, 15)
ON CONFLICT DO NOTHING;

-- 6. Faculty assignment
INSERT INTO faculty_subjects (faculty_id, subject_id, academic_year)
VALUES ('f0000000-0000-0000-0000-000000000001', '5b000000-0000-0000-0000-000000000001', '2025-26')
ON CONFLICT DO NOTHING;

-- 7. Course Outcomes (cutoff = 12) — 'c' is valid hex
INSERT INTO course_outcomes (id, subject_id, co_number, description, cutoff_mark) VALUES
('c0000000-0000-0000-0000-000000000001', '5b000000-0000-0000-0000-000000000001', 1, 'Understand the basics of mechanics and properties of matter', 12),
('c0000000-0000-0000-0000-000000000002', '5b000000-0000-0000-0000-000000000001', 2, 'Apply the concepts of waves and optics in engineering', 12),
('c0000000-0000-0000-0000-000000000003', '5b000000-0000-0000-0000-000000000001', 3, 'Analyze thermal physics and its applications', 12),
('c0000000-0000-0000-0000-000000000004', '5b000000-0000-0000-0000-000000000001', 4, 'Evaluate quantum mechanics fundamentals', 12),
('c0000000-0000-0000-0000-000000000005', '5b000000-0000-0000-0000-000000000001', 5, 'Design experiments using crystal physics principles', 12)
ON CONFLICT DO NOTHING;

-- 8. Enroll all 10 students
INSERT INTO student_subjects (student_id, subject_id, academic_year) VALUES
('50000000-0000-0000-0000-000000000001', '5b000000-0000-0000-0000-000000000001', '2025-26'),
('50000000-0000-0000-0000-000000000002', '5b000000-0000-0000-0000-000000000001', '2025-26'),
('50000000-0000-0000-0000-000000000003', '5b000000-0000-0000-0000-000000000001', '2025-26'),
('50000000-0000-0000-0000-000000000004', '5b000000-0000-0000-0000-000000000001', '2025-26'),
('50000000-0000-0000-0000-000000000005', '5b000000-0000-0000-0000-000000000001', '2025-26'),
('50000000-0000-0000-0000-000000000006', '5b000000-0000-0000-0000-000000000001', '2025-26'),
('50000000-0000-0000-0000-000000000007', '5b000000-0000-0000-0000-000000000001', '2025-26'),
('50000000-0000-0000-0000-000000000008', '5b000000-0000-0000-0000-000000000001', '2025-26'),
('50000000-0000-0000-0000-000000000009', '5b000000-0000-0000-0000-000000000001', '2025-26'),
('50000000-0000-0000-0000-00000000000a', '5b000000-0000-0000-0000-000000000001', '2025-26')
ON CONFLICT DO NOTHING;

-- 9. Program Outcomes (12 POs) — use 'b0' prefix ('po' is invalid hex because of 'p')
INSERT INTO program_outcomes (id, program_id, po_number, description) VALUES
('b0000000-0000-0000-0000-000000000001', 'a0000000-0000-0000-0000-000000000001', 1, 'Engineering Knowledge'),
('b0000000-0000-0000-0000-000000000002', 'a0000000-0000-0000-0000-000000000001', 2, 'Problem Analysis'),
('b0000000-0000-0000-0000-000000000003', 'a0000000-0000-0000-0000-000000000001', 3, 'Design/Development of Solutions'),
('b0000000-0000-0000-0000-000000000004', 'a0000000-0000-0000-0000-000000000001', 4, 'Conduct Investigations'),
('b0000000-0000-0000-0000-000000000005', 'a0000000-0000-0000-0000-000000000001', 5, 'Modern Tool Usage'),
('b0000000-0000-0000-0000-000000000006', 'a0000000-0000-0000-0000-000000000001', 6, 'Engineer and Society'),
('b0000000-0000-0000-0000-000000000007', 'a0000000-0000-0000-0000-000000000001', 7, 'Environment and Sustainability'),
('b0000000-0000-0000-0000-000000000008', 'a0000000-0000-0000-0000-000000000001', 8, 'Ethics'),
('b0000000-0000-0000-0000-000000000009', 'a0000000-0000-0000-0000-000000000001', 9, 'Individual and Teamwork'),
('b0000000-0000-0000-0000-00000000000a', 'a0000000-0000-0000-0000-000000000001', 10, 'Communication'),
('b0000000-0000-0000-0000-00000000000b', 'a0000000-0000-0000-0000-000000000001', 11, 'Project Management'),
('b0000000-0000-0000-0000-00000000000c', 'a0000000-0000-0000-0000-000000000001', 12, 'Life-long Learning')
ON CONFLICT DO NOTHING;

-- 10. CO-PO Mapping (non-zero values only)
INSERT INTO co_po_mapping (subject_id, co_number, po_number, mapping_value) VALUES
('5b000000-0000-0000-0000-000000000001', 1, 1, 3), ('5b000000-0000-0000-0000-000000000001', 1, 2, 3),
('5b000000-0000-0000-0000-000000000001', 1, 3, 1), ('5b000000-0000-0000-0000-000000000001', 1, 4, 1),
('5b000000-0000-0000-0000-000000000001', 1, 9, 2), ('5b000000-0000-0000-0000-000000000001', 1, 11, 2),
('5b000000-0000-0000-0000-000000000001', 1, 12, 3),
('5b000000-0000-0000-0000-000000000001', 2, 1, 3), ('5b000000-0000-0000-0000-000000000001', 2, 2, 3),
('5b000000-0000-0000-0000-000000000001', 2, 3, 1), ('5b000000-0000-0000-0000-000000000001', 2, 4, 1),
('5b000000-0000-0000-0000-000000000001', 2, 9, 2), ('5b000000-0000-0000-0000-000000000001', 2, 11, 2),
('5b000000-0000-0000-0000-000000000001', 2, 12, 3),
('5b000000-0000-0000-0000-000000000001', 3, 1, 3), ('5b000000-0000-0000-0000-000000000001', 3, 2, 3),
('5b000000-0000-0000-0000-000000000001', 3, 3, 1), ('5b000000-0000-0000-0000-000000000001', 3, 4, 1),
('5b000000-0000-0000-0000-000000000001', 3, 9, 2), ('5b000000-0000-0000-0000-000000000001', 3, 11, 2),
('5b000000-0000-0000-0000-000000000001', 3, 12, 3),
('5b000000-0000-0000-0000-000000000001', 4, 1, 3), ('5b000000-0000-0000-0000-000000000001', 4, 2, 3),
('5b000000-0000-0000-0000-000000000001', 4, 3, 1), ('5b000000-0000-0000-0000-000000000001', 4, 4, 1),
('5b000000-0000-0000-0000-000000000001', 4, 9, 2), ('5b000000-0000-0000-0000-000000000001', 4, 11, 2),
('5b000000-0000-0000-0000-000000000001', 4, 12, 3),
('5b000000-0000-0000-0000-000000000001', 5, 1, 3), ('5b000000-0000-0000-0000-000000000001', 5, 2, 3),
('5b000000-0000-0000-0000-000000000001', 5, 3, 1), ('5b000000-0000-0000-0000-000000000001', 5, 4, 1),
('5b000000-0000-0000-0000-000000000001', 5, 9, 2), ('5b000000-0000-0000-0000-000000000001', 5, 11, 2),
('5b000000-0000-0000-0000-000000000001', 5, 12, 3)
ON CONFLICT (subject_id, co_number, po_number) DO UPDATE SET mapping_value = EXCLUDED.mapping_value;

-- 11. CO-PSO Mapping (2 PSOs)
INSERT INTO co_pso_mapping (subject_id, co_number, pso_number, mapping_value) VALUES
('5b000000-0000-0000-0000-000000000001', 1, 1, 2), ('5b000000-0000-0000-0000-000000000001', 1, 2, 1),
('5b000000-0000-0000-0000-000000000001', 2, 1, 1), ('5b000000-0000-0000-0000-000000000001', 2, 2, 2),
('5b000000-0000-0000-0000-000000000001', 3, 1, 1), ('5b000000-0000-0000-0000-000000000001', 3, 2, 1),
('5b000000-0000-0000-0000-000000000001', 4, 1, 2), ('5b000000-0000-0000-0000-000000000001', 4, 2, 2),
('5b000000-0000-0000-0000-000000000001', 5, 1, 1), ('5b000000-0000-0000-0000-000000000001', 5, 2, 2)
ON CONFLICT (subject_id, co_number, pso_number) DO UPDATE SET mapping_value = EXCLUDED.mapping_value;

-- 12. Student Marks (10 students × 5 COs = 50 rows)
INSERT INTO student_co_marks (student_id, subject_id, co_number, marks, lab_marks, assignment_marks, academic_year) VALUES
('50000000-0000-0000-0000-000000000001', '5b000000-0000-0000-0000-000000000001', 1, 15, 22, 12, '2025-26'),
('50000000-0000-0000-0000-000000000001', '5b000000-0000-0000-0000-000000000001', 2, 14, 22, 12, '2025-26'),
('50000000-0000-0000-0000-000000000001', '5b000000-0000-0000-0000-000000000001', 3, 13, 22, 12, '2025-26'),
('50000000-0000-0000-0000-000000000001', '5b000000-0000-0000-0000-000000000001', 4, 12, 22, 12, '2025-26'),
('50000000-0000-0000-0000-000000000001', '5b000000-0000-0000-0000-000000000001', 5, 11, 22, 12, '2025-26'),
('50000000-0000-0000-0000-000000000002', '5b000000-0000-0000-0000-000000000001', 1, 16, 20, 14, '2025-26'),
('50000000-0000-0000-0000-000000000002', '5b000000-0000-0000-0000-000000000001', 2, 15, 20, 14, '2025-26'),
('50000000-0000-0000-0000-000000000002', '5b000000-0000-0000-0000-000000000001', 3, 14, 20, 14, '2025-26'),
('50000000-0000-0000-0000-000000000002', '5b000000-0000-0000-0000-000000000001', 4, 13, 20, 14, '2025-26'),
('50000000-0000-0000-0000-000000000002', '5b000000-0000-0000-0000-000000000001', 5, 12, 20, 14, '2025-26'),
('50000000-0000-0000-0000-000000000003', '5b000000-0000-0000-0000-000000000001', 1, 10, 18, 10, '2025-26'),
('50000000-0000-0000-0000-000000000003', '5b000000-0000-0000-0000-000000000001', 2, 11, 18, 10, '2025-26'),
('50000000-0000-0000-0000-000000000003', '5b000000-0000-0000-0000-000000000001', 3, 9, 18, 10, '2025-26'),
('50000000-0000-0000-0000-000000000003', '5b000000-0000-0000-0000-000000000001', 4, 8, 18, 10, '2025-26'),
('50000000-0000-0000-0000-000000000003', '5b000000-0000-0000-0000-000000000001', 5, 7, 18, 10, '2025-26'),
('50000000-0000-0000-0000-000000000004', '5b000000-0000-0000-0000-000000000001', 1, 18, 24, 15, '2025-26'),
('50000000-0000-0000-0000-000000000004', '5b000000-0000-0000-0000-000000000001', 2, 17, 24, 15, '2025-26'),
('50000000-0000-0000-0000-000000000004', '5b000000-0000-0000-0000-000000000001', 3, 16, 24, 15, '2025-26'),
('50000000-0000-0000-0000-000000000004', '5b000000-0000-0000-0000-000000000001', 4, 15, 24, 15, '2025-26'),
('50000000-0000-0000-0000-000000000004', '5b000000-0000-0000-0000-000000000001', 5, 14, 24, 15, '2025-26'),
('50000000-0000-0000-0000-000000000005', '5b000000-0000-0000-0000-000000000001', 1, 12, 19, 13, '2025-26'),
('50000000-0000-0000-0000-000000000005', '5b000000-0000-0000-0000-000000000001', 2, 13, 19, 13, '2025-26'),
('50000000-0000-0000-0000-000000000005', '5b000000-0000-0000-0000-000000000001', 3, 12, 19, 13, '2025-26'),
('50000000-0000-0000-0000-000000000005', '5b000000-0000-0000-0000-000000000001', 4, 11, 19, 13, '2025-26'),
('50000000-0000-0000-0000-000000000005', '5b000000-0000-0000-0000-000000000001', 5, 10, 19, 13, '2025-26'),
('50000000-0000-0000-0000-000000000006', '5b000000-0000-0000-0000-000000000001', 1, 14, 21, 11, '2025-26'),
('50000000-0000-0000-0000-000000000006', '5b000000-0000-0000-0000-000000000001', 2, 15, 21, 11, '2025-26'),
('50000000-0000-0000-0000-000000000006', '5b000000-0000-0000-0000-000000000001', 3, 13, 21, 11, '2025-26'),
('50000000-0000-0000-0000-000000000006', '5b000000-0000-0000-0000-000000000001', 4, 12, 21, 11, '2025-26'),
('50000000-0000-0000-0000-000000000006', '5b000000-0000-0000-0000-000000000001', 5, 11, 21, 11, '2025-26'),
('50000000-0000-0000-0000-000000000007', '5b000000-0000-0000-0000-000000000001', 1, 9, 16, 9, '2025-26'),
('50000000-0000-0000-0000-000000000007', '5b000000-0000-0000-0000-000000000001', 2, 10, 16, 9, '2025-26'),
('50000000-0000-0000-0000-000000000007', '5b000000-0000-0000-0000-000000000001', 3, 8, 16, 9, '2025-26'),
('50000000-0000-0000-0000-000000000007', '5b000000-0000-0000-0000-000000000001', 4, 7, 16, 9, '2025-26'),
('50000000-0000-0000-0000-000000000007', '5b000000-0000-0000-0000-000000000001', 5, 6, 16, 9, '2025-26'),
('50000000-0000-0000-0000-000000000008', '5b000000-0000-0000-0000-000000000001', 1, 17, 23, 14, '2025-26'),
('50000000-0000-0000-0000-000000000008', '5b000000-0000-0000-0000-000000000001', 2, 16, 23, 14, '2025-26'),
('50000000-0000-0000-0000-000000000008', '5b000000-0000-0000-0000-000000000001', 3, 15, 23, 14, '2025-26'),
('50000000-0000-0000-0000-000000000008', '5b000000-0000-0000-0000-000000000001', 4, 14, 23, 14, '2025-26'),
('50000000-0000-0000-0000-000000000008', '5b000000-0000-0000-0000-000000000001', 5, 13, 23, 14, '2025-26'),
('50000000-0000-0000-0000-000000000009', '5b000000-0000-0000-0000-000000000001', 1, 13, 20, 12, '2025-26'),
('50000000-0000-0000-0000-000000000009', '5b000000-0000-0000-0000-000000000001', 2, 12, 20, 12, '2025-26'),
('50000000-0000-0000-0000-000000000009', '5b000000-0000-0000-0000-000000000001', 3, 11, 20, 12, '2025-26'),
('50000000-0000-0000-0000-000000000009', '5b000000-0000-0000-0000-000000000001', 4, 10, 20, 12, '2025-26'),
('50000000-0000-0000-0000-000000000009', '5b000000-0000-0000-0000-000000000001', 5, 9, 20, 12, '2025-26'),
('50000000-0000-0000-0000-00000000000a', '5b000000-0000-0000-0000-000000000001', 1, 15, 22, 14, '2025-26'),
('50000000-0000-0000-0000-00000000000a', '5b000000-0000-0000-0000-000000000001', 2, 14, 22, 14, '2025-26'),
('50000000-0000-0000-0000-00000000000a', '5b000000-0000-0000-0000-000000000001', 3, 13, 22, 14, '2025-26'),
('50000000-0000-0000-0000-00000000000a', '5b000000-0000-0000-0000-000000000001', 4, 12, 22, 14, '2025-26'),
('50000000-0000-0000-0000-00000000000a', '5b000000-0000-0000-0000-000000000001', 5, 11, 22, 14, '2025-26')
ON CONFLICT (student_id, subject_id, co_number, academic_year) DO UPDATE SET marks = EXCLUDED.marks, lab_marks = EXCLUDED.lab_marks, assignment_marks = EXCLUDED.assignment_marks;

-- Verification
SELECT 'Sample data inserted!' AS status,
       (SELECT count(*) FROM users WHERE email LIKE '%@test.copo.in') AS test_users,
       (SELECT count(*) FROM student_co_marks WHERE subject_id = '5b000000-0000-0000-0000-000000000001') AS marks,
       (SELECT count(*) FROM co_po_mapping WHERE subject_id = '5b000000-0000-0000-0000-000000000001') AS mappings;
